[
  {
    "id": 1,
    "productName": "Tajmahal",
    "ingredients": "India",
    "uses": "Shan Jahan",
    "howToUse": "The Taj Mahal is well known across the world for its historical value, its tale of love, and its stunning beauty. The Taj Mahal is located in the historic Indian city of Agra. It houses the tomb of Mumtaz Mahal, the wife of the Mughal Emperor Shah Jahan. It is said that the Emperor loved his wife dearly and was prompted to build the Taj Mahal after her death as a testament to his love.",
    "price": 23
  },
  {
    "id": 1,
    "productName": "Tajmahal",
    "ingredients": "India",
    "uses": "Shan Jahan",
    "howToUse": "The Taj Mahal is well known across the world for its historical value, its tale of love, and its stunning beauty. The Taj Mahal is located in the historic Indian city of Agra. It houses the tomb of Mumtaz Mahal, the wife of the Mughal Emperor Shah Jahan. It is said that the Emperor loved his wife dearly and was prompted to build the Taj Mahal after her death as a testament to his love.",
    "price": 23
  },
  {
    "id": 1,
    "productName": "Tajmahal",
    "ingredients": "India",
    "uses": "Shan Jahan",
    "howToUse": "The Taj Mahal is well known across the world for its historical value, its tale of love, and its stunning beauty. The Taj Mahal is located in the historic Indian city of Agra. It houses the tomb of Mumtaz Mahal, the wife of the Mughal Emperor Shah Jahan. It is said that the Emperor loved his wife dearly and was prompted to build the Taj Mahal after her death as a testament to his love.",
    "price": 23
  },
  {
    "id": 1,
    "productName": "Tajmahal",
    "ingredients": "India",
    "uses": "Shan Jahan",
    "howToUse": "The Taj Mahal is well known across the world for its historical value, its tale of love, and its stunning beauty. The Taj Mahal is located in the historic Indian city of Agra. It houses the tomb of Mumtaz Mahal, the wife of the Mughal Emperor Shah Jahan. It is said that the Emperor loved his wife dearly and was prompted to build the Taj Mahal after her death as a testament to his love.",
    "price": 23
  },
  {
    "id": 1,
    "productName": "Tajmahal",
    "ingredients": "India",
    "uses": "Shan Jahan",
    "howToUse": "The Taj Mahal is well known across the world for its historical value, its tale of love, and its stunning beauty. The Taj Mahal is located in the historic Indian city of Agra. It houses the tomb of Mumtaz Mahal, the wife of the Mughal Emperor Shah Jahan. It is said that the Emperor loved his wife dearly and was prompted to build the Taj Mahal after her death as a testament to his love.",
    "price": 23
  },
  {
    "id": 1,
    "productName": "Tajmahal",
    "ingredients": "India",
    "uses": "Shan Jahan",
    "howToUse": "The Taj Mahal is well known across the world for its historical value, its tale of love, and its stunning beauty. The Taj Mahal is located in the historic Indian city of Agra. It houses the tomb of Mumtaz Mahal, the wife of the Mughal Emperor Shah Jahan. It is said that the Emperor loved his wife dearly and was prompted to build the Taj Mahal after her death as a testament to his love.",
    "price": 23
  }
]